ID,名前,年齢,性別
1,ユーザー,1,31,男性
2,ユーザー,2,28,女性
3,ユーザー,3,19,男性
4,ユーザー,4,20,男性
5,ユーザー,5,20,男性
6,ユーザー,6,20,男性
7,ユーザー,7,20,男性
8,ユーザー,8,20,男性
9,ユーザー,9,20,男性
10,ユーザー,10,20,男性
11,ユーザー,11,20,男性
12,ユーザー,12,20,男性
13,ユーザー,13,20,男性
14,ユーザー,14,20,男性
15,ユーザー,15,20,男性
16,ユーザー,16,20,男性
17,ユーザー,17,20,男性
18,ユーザー,18,20,男性
19,ユーザー,19,20,男性
20,ユーザー,20,20,男性
21,ユーザー,21,20,男性
22,ユーザー,22,20,男性
23,ユーザー,23,20,男性
24,ユーザー,24,20,男性
25,ユーザー,25,20,男性
26,ユーザー,26,20,男性
27,ユーザー,27,20,男性
28,ユーザー,28,20,男性
29,ユーザー,29,20,男性
30,ユーザー,30,20,男性
